measure,best,worst,equal, total
Mean,0.18742334588488435,0.024448628294782133,0.7881280258203335,1.0
Median,0.19,0.02 ,0.79,
Stdev,0.039102951435581186,0.021786588985776803 ,0.04506594575830893,
