measure,best,worst,equal, total
Mean,0.1703,0.0364,0.7933,1.0
Median,0.17,0.03 ,0.79,
Stdev,0.039859728797346075,0.023890321779906486 ,0.04047832691076732,
