measure,best,worst,equal, total
Mean,0.1722,0.0239,0.8039000000000001,1.0
Median,0.17,0.02 ,0.8,
Stdev,0.040516364071517555,0.02140966457873027 ,0.04444710850601481,
