measure,best,worst,equal, total
Mean,0.139,0.1103,0.7507,1.0
Median,0.14,0.11 ,0.75,
Stdev,0.031988002801555504,0.0315413789466882 ,0.04083113785068718,
