measure,best,worst,equal, total
Mean,0.1775,0.024300000000000002,0.7982,1.0
Median,0.18,0.02 ,0.79,
Stdev,0.03990835460999071,0.021189620100417094 ,0.04245924962582215,
