-,DIFF, TPE, EXA
total,13.848, 974.502, 0.0
mean,0.13848, 9.745019999999998, NaN
median,0.026, 3.586, NaN
median,266.5292630853282, 14.314406544697153, NaN
