-,DIFF, TPE, EXA
total,21.717, 2209.936, 0.0
mean,0.21716999999999992, 22.099360000000008, NaN
median,0.0725, 9.8595, NaN
median,332.7575346535175, 68.25173779820665, NaN
