measure,best,equal,worst,total
Mean,0.23060972464908652,0.7369671161738094,0.03242315917710403,1.0
Median,0.22837552742616035 ,0.739061325934917,0.029535864978902954,
Stdev,0.018467811997554286 ,0.026217236978054642,0.015483935499153523,
