improve,equals,worse
127,160,13
0.42333333333333334,0.5333333333333333,0.043333333333333335
