-,DIFF, TPE, EXA
total,75.23, 9216.328, 0.0
mean,0.25076666666666664, 30.72109333333336, NaN
median,0.0925, 12.3995, NaN
median,551.603268762299, 120.67747898939305, NaN
