-,DIFF, TPE, EXA
total,6.584, 1590.496, 0.0
mean,0.1646, 39.762399999999985, NaN
median,0.041, 6.5035, NaN
median,288.39838898515154, 151.03160451491178, NaN
