measure,best,equal,worst,total
Mean,0.112,0.852,0.036,1.0
Median,0.1 ,0.9,0.0,
Stdev,0.10427592909082664 ,0.1417672712006318,0.08514093957572198,
