measure,best,equal,worst,total
Mean,0.16005311664341798,0.8207692898085486,0.019177593548033407,1.0
Median,0.16132596685082873 ,0.8215469613259668,0.017679558011049725,
Stdev,0.011425412763668995 ,0.010704352933218036,0.005464717296385865,
