measure,best,equal,worst,total
Mean,0.16178878789704026,0.8154203387098848,0.022790873393074836,1.0
Median,0.16243093922651933 ,0.8154696132596685,0.019889502762430938,
Stdev,0.012049050675418992 ,0.014647826549240388,0.00927539883523975,
