measure,best,equal,worst,total
Mean,0.23,0.726,0.044,1.0
Median,0.2 ,0.7,0.0,
Stdev,0.13590212564600324 ,0.15624418356521047,0.08369039151929608,
