-,DIFF, TPE, EXA
total,21.69, 479.104, 0.0
mean,0.21689999999999995, 4.791039999999999, NaN
median,0.0725, 3.145, NaN
median,328.89356910401864, 4.298490528856225, NaN
