-,DIFF, TPE, EXA
total,20.186, 443.624, 0.0
mean,0.20185999999999993, 4.436240000000001, NaN
median,0.064, 2.811, NaN
median,315.75028555534635, 4.2628555235364765, NaN
