measure,best,equal,worst,total
Mean,0.1492,0.8316,0.019200000000000002,1.0
Median,0.15 ,0.83,0.02,
Stdev,0.042466793750277065 ,0.04573035431879408,0.013376799897965282,
