measure,best,equal,worst,total
Mean,0.222,0.708,0.07,1.0
Median,0.2 ,0.7,0.05,
Stdev,0.14039303430595354 ,0.14262838827827068,0.08630747123996126,
