measure,best,equal,worst,total
Mean,0.21800000000000003,0.706,0.076,0.9999999999999999
Median,0.2 ,0.7,0.0,
Stdev,0.13353895709202046 ,0.14625948425553092,0.09380831519646861,
