measure,best,equal,worst,total
Mean,0.23035658232294265,0.7296059587484939,0.04003745892856349,1.0
Median,0.22784810126582278 ,0.734704641350211,0.03322784810126582,
Stdev,0.018137277761171723 ,0.02743951768949626,0.020545674084450457,
