-,DIFF, TPE, EXA
total,15.16, 1003.645, 0.0
mean,0.1516, 10.03645, NaN
median,0.028, 4.0085, NaN
median,293.6475589697434, 12.826874270177024, NaN
