measure,best,equal,worst,total
Mean,0.202,0.738,0.06,1.0
Median,0.2 ,0.75,0.0,
Stdev,0.1332329554133033 ,0.15764853701982076,0.10101525445522107,
