-,DIFF, TPE, EXA
total,12.344, 1178.713, 0.0
mean,0.30860000000000004, 29.467825, NaN
median,0.068, 17.343, NaN
median,440.7362604574887, 36.91240741086966, NaN
