measure,best,equal,worst,total
Mean,0.20377634907719874,0.7821117721074371,0.014111878815364163,1.0
Median,0.20147679324894516 ,0.7858649789029536,0.010021097046413501,
Stdev,0.021331397451560128 ,0.027931533782581168,0.009001796539688968,
