measure,best,equal,worst,total
Mean,0.1344,0.8332,0.0324,1.0
Median,0.135 ,0.83,0.025,
Stdev,0.05071569414543255 ,0.06215320110954274,0.032106964086583194,
