-,DIFF, TPE, EXA
total,76.041, 9720.095, 0.0
mean,0.25347, 32.40031666666667, NaN
median,0.0935, 14.726, NaN
median,551.3144667405874, 112.02771722748072, NaN
