improve,equals,worse
133,162,5
0.44333333333333336,0.54,0.016666666666666666
