measure,best,equal,worst,total
Mean,0.136,0.804,0.06,1.0
Median,0.1 ,0.8,0.0,
Stdev,0.11563489339913176 ,0.13395095051121197,0.09035079029052509,
