measure,best,equal,worst,total
Mean,0.1173224643361024,0.8516538642420449,0.03102367142185274,1.0
Median,0.1 ,0.9,0.0,
Stdev,0.1063195008634536 ,0.12292176530006718,0.06201692005744051,
