measure,best,equal,worst,total
Mean,0.15777638624084012,0.8219199230052324,0.020303690753927402,0.9999999999999999
Median,0.16077348066298341 ,0.8187845303867404,0.01876381976889387,
Stdev,0.01785476273507194 ,0.02137423777985149,0.008786805473307471,
