-,DIFF, TPE, EXA
total,6.4, 1091.57, 0.0
mean,0.16, 27.28925, NaN
median,0.066, 17.393, NaN
median,237.84211526740128, 29.293233571323302, NaN
