measure,best,equal,worst,total
Mean,0.1512137274848173,0.8266917468187882,0.022094525696394526,1.0
Median,0.15469613259668508 ,0.8243093922651934,0.019889502762430938,
Stdev,0.02335450859131487 ,0.023376325251448327,0.010850390787136217,
