measure,best,equal,worst,total
Mean,0.15658738328166677,0.8198038142370896,0.023608802481243616,1.0
Median,0.1591160220994475 ,0.8187845303867404,0.022050716648291068,
Stdev,0.01712840503306158 ,0.019510356337595257,0.009955284051258177,
