measure,best,equal,worst,total
Mean,0.1647312024910721,0.7563513142229136,0.07891748328601574,1.0000000000000013
Median,0.1 ,0.8,0.0,
Stdev,0.137988581764953 ,0.15189980776509146,0.10946538834241387,
