measure,best,equal,worst,total
Mean,0.204,0.734,0.062000000000000006,1.0
Median,0.2 ,0.7,0.0,
Stdev,0.13546593818433944 ,0.16113120525249747,0.10079277589921508,
