measure,best,worst,equal, total
Mean,0.14485022764482064,0.11612702916428731,0.739022743190892,1.0
Median,0.1436271401395054,0.11572606214331008 ,0.7389029803424223,
Stdev,0.004831939235131453,0.007942759619234607 ,0.008751040220567647,
