measure,best,worst,equal, total
Mean,0.18427011715459413,0.026498896572318,0.7892309862730879,1.0
Median,0.18547875713379836,0.02155992390615092 ,0.7894736842105263,
Stdev,0.010897566646006085,0.0158905793409688 ,0.01998116899351947,
