measure,best,equal,worst,total
Mean,0.18248341046027297,0.7998255529829837,0.017691036556743287,1.0
Median,0.18674698795180722 ,0.7932783766645529,0.015535827520608751,
Stdev,0.015243720404350193 ,0.018443804069296722,0.011599995716093167,
