measure,best,equal,worst,total
Mean,0.1820712354444201,0.8040741262233134,0.01385463833226643,1.0
Median,0.18674698795180722 ,0.7975586556753329,0.015060240963855422,
Stdev,0.01571649816842641 ,0.019164393793887957,0.0038061236082180716,
