measure,best,worst,equal, total
Mean,0.16282583278113538,0.038870491217491546,0.7983036760013731,1.0
Median,0.1616994292961319,0.05025364616360178 ,0.7943880786303108,
Stdev,0.009657035274119374,0.019705581701860767 ,0.0189380056221368,
