measure,best,equal,worst,total
Mean,0.20736160204167833,0.7640347156456052,0.028603682312716473,1.0
Median,0.20253164556962025 ,0.7623814541622761,0.02319452410487611,
Stdev,0.02523293740329176 ,0.02989400015741093,0.020318953183573293,
