-,DIFF, TPE, EXA
total,14.178, 160.033, 0.0
mean,0.14178, 1.60033, NaN
median,0.0275, 1.046, NaN
median,272.8290092399052, 1.3395674038263023, NaN
