-,DIFF, TPE, EXA
total,20.967, 177.68, 0.0
mean,0.20966999999999994, 1.7768000000000002, NaN
median,0.072, 1.018, NaN
median,327.09498991002965, 1.978605661478901, NaN
