-,DIFF, TPE, EXA
total,20.303, 199.611, 0.0
mean,0.2030299999999999, 1.9961099999999996, NaN
median,0.062, 1.386, NaN
median,317.4962802613568, 1.5631867340646015, NaN
