measure,best,equal,worst,total
Mean,0.1609178311741181,0.8150166265945812,0.02406554223130071,1.0
Median,0.16353591160220995 ,0.8143646408839779,0.020994475138121547,
Stdev,0.00877006183498935 ,0.012726333507340336,0.010184860045700577,
