measure,best,equal,worst,total
Mean,0.1559860386070282,0.8236875864211444,0.020326374971827467,1.0
Median,0.16335560739978194 ,0.8165745856353591,0.02044198895027624,
Stdev,0.01905790847232488 ,0.024413858442923046,0.007404699540102354,
