improve,equals,worse
94,202,4
0.31333333333333335,0.6733333333333333,0.013333333333333334
