-,DIFF, TPE, EXA
total,64.219, 1444.748, 0.0
mean,0.21406333333333333, 4.815826666666666, NaN
median,0.074, 3.0095, NaN
median,331.10840406079683, 4.4600617641188265, NaN
