measure,best,equal,worst,total
Mean,0.2094,0.7614,0.0292,1.0
Median,0.20500000000000002 ,0.77,0.02,
Stdev,0.045329181482545555 ,0.049487578321870486,0.027392833861044304,
