measure,best,equal,worst,total
Mean,0.2154,0.7512,0.0334,1.0
Median,0.21 ,0.77,0.02,
Stdev,0.04594628629704252 ,0.061100118574319635,0.03577765806095379,
