measure,best,equal,worst,total
Mean,0.138,0.8140000000000001,0.048,1.0
Median,0.1 ,0.8,0.0,
Stdev,0.10859022393702794 ,0.13249566800773646,0.08628382211737998,
