measure,best,equal,worst,total
Mean,0.21025283109468995,0.7605729993375216,0.029174169567788434,1.0
Median,0.2082238465540009 ,0.7559306265089167,0.024261603375527425,
Stdev,0.025007797769838646 ,0.029490991011689907,0.019956635747522787,
