-,DIFF, TPE, EXA
total,63.999, 1496.164, 0.0
mean,0.21333000000000005, 4.987213333333333, NaN
median,0.0735, 3.27, NaN
median,330.8388463297541, 4.406190532024679, NaN
