-,DIFF, TPE, EXA
total,47.151, 3522.906, 0.0
mean,0.15716999999999995, 11.743019999999998, NaN
median,0.036, 5.4125, NaN
median,284.1460617029048, 15.016264782550476, NaN
