improve,equals,worse
81,214,5
0.27,0.7133333333333334,0.016666666666666666
