-,DIFF, TPE, EXA
total,12.569, 3552.229, 0.0
mean,0.31422500000000003, 88.805725, NaN
median,0.1525, 8.5725, NaN
median,365.8770626863619, 336.13491725053643, NaN
