measure,best,equal,worst,total
Mean,0.1577996064982609,0.823199205686892,0.019001187814847078,1.0
Median,0.15856353591160222 ,0.8220994475138121,0.01878453038674033,
Stdev,0.013037689411518082 ,0.013989332920617301,0.004333149376351457,
