measure,best,equal,worst,total
Mean,0.2196,0.7544,0.026000000000000002,1.0
Median,0.215 ,0.755,0.02,
Stdev,0.047292403497511404 ,0.04781597376336465,0.024243661069253058,
