measure,best,equal,worst,total
Mean,0.22750392464678182,0.7436473050758765,0.028848770277341697,1.0
Median,0.22 ,0.74,0.02,
Stdev,0.04381776708525616 ,0.05021356632159853,0.02471266600454973,
