measure,best,equal,worst,total
Mean,0.1414,0.8288,0.0298,1.0
Median,0.14 ,0.83,0.02,
Stdev,0.046247338588621636 ,0.057521601975932056,0.032418815398418475,
