-,DIFF, TPE, EXA
total,9.195, 1149.237, 0.0
mean,0.229875, 28.730925, NaN
median,0.0665, 21.5025, NaN
median,368.5055186936721, 30.420212321101527, NaN
