measure,best,equal,worst,total
Mean,0.2152,0.755,0.0298,1.0
Median,0.22 ,0.76,0.02,
Stdev,0.05183332786490774 ,0.05761412808593081,0.02938068225545347,
