measure,best,equal,worst,total
Mean,0.1501336809468407,0.8275084517594888,0.02235786729367047,1.0
Median,0.1580110497237569 ,0.8243093922651934,0.01878453038674033,
Stdev,0.028136188540931174 ,0.02522979973774802,0.01545582452516578,
