measure,best,equal,worst,total
Mean,0.112,0.854,0.033999999999999996,1.0
Median,0.1 ,0.9,0.0,
Stdev,0.10621503025966347 ,0.1417240780026961,0.08715456595811223,
