measure,best,equal,worst,total
Mean,0.15782407757656197,0.8180174404021215,0.024158482021316447,0.9999999999999999
Median,0.16022099447513813 ,0.8187845303867404,0.022099447513812154,
Stdev,0.00893043406523795 ,0.011031759117844384,0.00952566313555676,
