measure,best,equal,worst,total
Mean,0.15598725687866624,0.8189396163662612,0.02507312675507258,1.0
Median,0.15894180925520962 ,0.8226519337016575,0.020994475138121547,
Stdev,0.010356094938185534 ,0.01109647432046585,0.010080616026579056,
