measure,best,equal,worst,total
Mean,0.14628364389233955,0.8285714285714285,0.02514492753623189,1.0
Median,0.15 ,0.82,0.02,
Stdev,0.056368130134809256 ,0.055844237218319576,0.019478424629751807,
