measure,best,equal,worst,total
Mean,0.13520000000000001,0.8404,0.024399999999999998,1.0
Median,0.14 ,0.83,0.02,
Stdev,0.05349957085465876 ,0.053488888794681416,0.018861471364684582,
