-,DIFF, TPE, EXA
total,23.43, 1486.506, 0.0
mean,0.2342999999999999, 14.865060000000001, NaN
median,0.0705, 8.7175, NaN
median,379.5826389575526, 17.437262758862587, NaN
