measure,best,equal,worst,total
Mean,0.22824577768544516,0.7264675936975077,0.04528662861704714,1.0
Median,0.22573839662447256 ,0.7279914900428166,0.04219409282700422,
Stdev,0.018109949235048644 ,0.02557734032949338,0.018876882937358144,
