measure,best,equal,worst,total
Mean,0.22571605465224331,0.7427891229053012,0.03149482244245553,1.0
Median,0.2262658227848101 ,0.7406441601863831,0.027953586497890294,
Stdev,0.0214479250925096 ,0.026789590146779386,0.013716079414938636,
