improve,equals,worse
77,220,3
0.25666666666666665,0.7333333333333333,0.01
