-,DIFF, TPE, EXA
total,47.233, 1105.308, 0.0
mean,0.15744333333333332, 3.68436, NaN
median,0.035, 1.8335, NaN
median,280.85807385174945, 4.033775561597075, NaN
