measure,best,equal,worst,total
Mean,0.14400000000000002,0.8160000000000001,0.04,1.0
Median,0.1 ,0.8,0.0,
Stdev,0.10909647481163874 ,0.11313708498984762,0.08329931278350425,
