measure,best,equal,worst,total
Mean,0.252,0.706,0.042,1.0
Median,0.2 ,0.7,0.0,
Stdev,0.13437686875776966 ,0.15702593052468392,0.064174506986332,
