measure,best,equal,worst,total
Mean,0.264318647654871,0.7348375816426796,8.437707024493915E-4,1.0
Median,0.2610759493670886 ,0.7383966244725738,5.268703898840885E-4,
Stdev,0.014594645460810981 ,0.014720771337220969,0.0010894229320726476,
