measure,best,equal,worst,total
Mean,0.14169943662237838,0.8583005633776216,0.0,1.0
Median,0.14240506329113925 ,0.8575949367088608,0.0,
Stdev,0.020209578999619185 ,0.020209578999619185,0.0,
