measure,best,equal,worst,total
Mean,0.1127731829602355,0.8691165755401726,0.018110241499591825,1.0
Median,0.10970464135021098 ,0.8670886075949367,0.015822784810126583,
Stdev,0.021786660392626608 ,0.01998234240726408,0.01609426502083221,
