-,DIFF, TPE, EXA
total,21.975, 490.087, 0.0
mean,0.21975, 4.90087, NaN
median,0.07, 3.3245, NaN
median,334.4289381116183, 4.345298896287895, NaN
