measure,best,equal,worst,total
Mean,0.2325709274252711,0.739372557388857,0.02805651518587187,0.9999999999999999
Median,0.22720062868753696 ,0.7426160337552743,0.029535864978902954,
Stdev,0.015914700588182434 ,0.022539300389078785,0.011526269768099161,
