measure,best,equal,worst,total
Mean,0.22804855395457094,0.7258825360524684,0.04606890999296063,1.0
Median,0.22550052687038988 ,0.7289029535864979,0.04430379746835443,
Stdev,0.009011358302240117 ,0.021838937274891376,0.020564792493157076,
