measure,best,equal,worst,total
Mean,0.14297426120114398,0.8310724499523355,0.025953288846520525,1.0
Median,0.14 ,0.83,0.02,
Stdev,0.04707734923016279 ,0.0512982212462662,0.021561713102126855,
