measure,best,equal,worst,total
Mean,0.1426,0.8276,0.0298,1.0
Median,0.14500000000000002 ,0.83,0.02,
Stdev,0.04579501799835205 ,0.05085232721983793,0.02999931972017815,
