measure,best,equal,worst,total
Mean,0.2096,0.7558,0.0346,1.0
Median,0.21 ,0.76,0.02,
Stdev,0.03774025080219056 ,0.05540537069671873,0.03506320823068779,
