measure,best,worst,equal, total
Mean,0.123,0.128,0.749,1.0
Median,0.1,0.1 ,0.8,
Stdev,0.10622541307916092,0.10924904363587593 ,0.11677051654999882,
