measure,best,worst,equal, total
Mean,0.13575381890635366,0.035724300789609975,0.828521880304037,1.0000000000000007
Median,0.1,0.0 ,0.8,
Stdev,0.11115869933732297,0.06615193625799938 ,0.1222622833233156,
