measure,best,worst,equal, total
Mean,0.154,0.054,0.792,1.0
Median,0.15000000000000002,0.0 ,0.8,
Stdev,0.11229470606444904,0.0857763123337426 ,0.12033622929445681,
