measure,best,worst,equal, total
Mean,0.152,0.052000000000000005,0.796,1.0
Median,0.15000000000000002,0.0 ,0.8,
Stdev,0.10775955276503903,0.0858469391981856 ,0.12302582466845549,
