measure,best,worst,equal, total
Mean,0.154,0.055,0.791,1.0
Median,0.15000000000000002,0.0 ,0.8,
Stdev,0.11229470606444904,0.08572330399888269 ,0.11984417492154663,
