measure,best,worst,equal, total
Mean,0.155,0.053000000000000005,0.792,1.0
Median,0.2,0.0 ,0.8,
Stdev,0.11225422086055424,0.08927881647236967 ,0.12117272086913079,
