measure,best,equal,worst,total
Mean,0.14591010373582997,0.8371439570681075,0.016945939196062545,1.0
Median,0.15469613259668508 ,0.8270718232044199,0.016574585635359115,
Stdev,0.028572279050379873 ,0.03281056409395121,0.006043984242303054,
