-,DIFF, TPE, EXA
total,6.744, 1336.923, 0.0
mean,0.1686, 33.423075, NaN
median,0.044, 7.4805, NaN
median,296.1362991804748, 74.83728799009342, NaN
