measure,best,equal,worst,total
Mean,0.154,0.81,0.036000000000000004,1.0
Median,0.2 ,0.8,0.0,
Stdev,0.10918996739440781 ,0.11473127431577863,0.07216760537322903,
