measure,best,equal,worst,total
Mean,0.234,0.718,0.048,1.0
Median,0.2 ,0.7,0.0,
Stdev,0.13187811317536313 ,0.1586807859721356,0.10349011586442756,
