measure,best,equal,worst,total
Mean,0.2204767309875144,0.7391827468785468,0.040340522133938454,0.9999999999999997
Median,0.2 ,0.7,0.0,
Stdev,0.1210319303777484 ,0.13728013375796588,0.06516500612902895,
