measure,best,equal,worst,total
Mean,0.05435485263402193,0.8971540171540964,0.04849113021188166,1.0
Median,0.051933701657458566 ,0.8961325966850828,0.049723756906077346,
Stdev,0.010638088647331595 ,0.014736453669448526,0.010761816397410182,
