measure,best,equal,worst,total
Mean,0.07764960565305438,0.9223503943469457,0.0,1.0
Median,0.07624309392265194 ,0.9237569060773481,0.0,
Stdev,0.016316421498271935 ,0.016316421498271935,0.0,
