measure,best,equal,worst,total
Mean,0.21962204393164655,0.7505201296777808,0.029857826390572675,1.0
Median,0.21940928270042195 ,0.75,0.024261603375527425,
Stdev,0.023471303155395314 ,0.028302118742488103,0.017502460717345122,
