measure,best,equal,worst,total
Mean,0.20244674607514906,0.7851922743460805,0.012360979578770458,1.0
Median,0.20253164556962028 ,0.790084388185654,0.00949367088607595,
Stdev,0.020160600958311334 ,0.025273020805405395,0.007158723103340622,
