measure,best,equal,worst,total
Mean,0.15753324358732268,0.8239088245506101,0.018557931862067285,1.0
Median,0.16225185329572933 ,0.8220994475138121,0.017127071823204422,
Stdev,0.010310721137399361 ,0.008828871349022176,0.005273257133309681,
