measure,best,equal,worst,total
Mean,0.2232,0.753,0.023799999999999998,1.0
Median,0.22 ,0.76,0.02,
Stdev,0.04551025899145585 ,0.0519124066017332,0.0233771212068203,
