measure,best,equal,worst,total
Mean,0.20192026037428812,0.7578193653376729,0.04026037428803905,1.0
Median,0.21 ,0.76,0.03,
Stdev,0.06700593212056533 ,0.07031198448442197,0.03262805741196796,
