-,DIFF, TPE, EXA
total,18.67, 2266.761, 0.0
mean,0.46675, 56.66902499999999, NaN
median,0.095, 16.5475, NaN
median,748.1891900465845, 167.10606018817734, NaN
