measure,best,equal,worst,total
Mean,0.1445394506813184,0.8350010416222505,0.020459507696431074,1.0
Median,0.15248618784530388 ,0.8259668508287292,0.019889502762430938,
Stdev,0.030000876628238297 ,0.03520980158077488,0.009301064363687725,
