measure,best,equal,worst,total
Mean,0.1402,0.8354,0.024399999999999998,1.0
Median,0.14 ,0.83,0.02,
Stdev,0.04795788969161873 ,0.04777540995029104,0.0252465394678566,
