measure,best,equal,worst,total
Mean,0.17178543799911067,0.8273305841003369,8.839779005524863E-4,1.0
Median,0.1734806629834254 ,0.8259668508287292,0.0011049723756906078,
Stdev,0.008210794233043257 ,0.008407911091531892,6.988458917499182E-4,
