measure,best,equal,worst,total
Mean,0.06513709584726869,0.9103061376465339,0.024556766506197352,0.9999999999999999
Median,0.06298342541436464 ,0.9104972375690608,0.022099447513812154,
Stdev,0.016157927519287185 ,0.014601550206028727,0.011451843961861885,
