measure,best,equal,worst,total
Mean,0.213,0.7542,0.0328,1.0
Median,0.215 ,0.75,0.03,
Stdev,0.04912499675442685 ,0.054738338614591826,0.02441478307610086,
