measure,best,equal,worst,total
Mean,0.20493668662994136,0.7719673829436271,0.023095930426431554,1.0
Median,0.19462025316455697 ,0.7758438818565401,0.013185654008438819,
Stdev,0.029219933717613753 ,0.03985971367965553,0.02210514021598878,
