-,DIFF, TPE, EXA
total,47.545, 4239.881, 0.0
mean,0.15848333333333334, 14.132936666666668, NaN
median,0.0375, 6.324, NaN
median,281.04211777257854, 27.013756511244747, NaN
