measure,best,equal,worst,total
Mean,0.09017984911087991,0.90982015088912,0.0,1.0
Median,0.0926130099228225 ,0.9073869900771775,0.0,
Stdev,0.01947172548251723 ,0.019471725482517226,0.0,
