measure,best,equal,worst,total
Mean,0.06210953140191134,0.8998974293664671,0.03799303923162159,1.0
Median,0.05966850828729282 ,0.8994475138121547,0.03756906077348066,
Stdev,0.015323724202676862 ,0.013560387014110739,0.012683312799570091,
