measure,best,equal,worst,total
Mean,0.16603885068253668,0.8338506520798943,1.104972375690608E-4,1.0
Median,0.16740331491712707 ,0.832596685082873,0.0,
Stdev,0.006996644837382719 ,0.007058127708984402,3.494229458749591E-4,
