measure,best,equal,worst,total
Mean,0.18559320691734638,0.8144067930826536,0.0,1.0
Median,0.1867403314917127 ,0.8132596685082873,0.0,
Stdev,0.009009393306256299 ,0.009009393306256306,0.0,
