-,DIFF, TPE, EXA
total,14.441, 340.467, 0.0
mean,0.14440999999999998, 3.404670000000001, NaN
median,0.027, 1.5365, NaN
median,279.6446191692288, 4.020738167955297, NaN
