measure,best,equal,worst,total
Mean,0.15271814676518422,0.8266235479724914,0.02065830526232434,1.0
Median,0.16022099447513813 ,0.8204419889502762,0.018232044198895028,
Stdev,0.029009663837692535 ,0.033660355253539984,0.01036695998639425,
