measure,best,equal,worst,total
Mean,0.21449988139209725,0.7831223967272655,0.0023777218806372647,0.9999999999999999
Median,0.21385542168674698 ,0.7845592897907419,0.002059820563617523,
Stdev,0.010921578261048547 ,0.0110652218187114,0.0012616377793074856,
