measure,best,equal,worst,total
Mean,0.07832529200259947,0.8872252054229032,0.03444950257449737,1.0
Median,0.07514267596702599 ,0.888712745719721,0.03424223208623969,
Stdev,0.01472526550162506 ,0.019209619597388306,0.011591358750568288,
