measure,best,equal,worst,total
Mean,0.18670988383844234,0.787455491907446,0.02583462425411161,1.0
Median,0.18547875713379836 ,0.787571337983513,0.021866587099276524,
Stdev,0.010422833782593078 ,0.018291731645418856,0.014421455828421977,
