measure,best,equal,worst,total
Mean,0.2251521766508543,0.7748478233491457,0.0,1.0
Median,0.22669625871908688 ,0.7733037412809132,0.0,
Stdev,0.010092036749635372 ,0.010092036749635365,0.0,
