measure,best,equal,worst,total
Mean,0.11062630612890924,0.8893736938710908,0.0,1.0
Median,0.10922637920101458 ,0.8907736207989854,0.0,
Stdev,0.01432144650221747 ,0.014321446502217474,0.0,
