measure,best,equal,worst,total
Mean,0.11394961927705867,0.861849679858921,0.024200700864020288,1.0
Median,0.11075949367088607 ,0.8618143459915611,0.024261603375527425,
Stdev,0.022705283176984874 ,0.01964896337244315,0.019493543735843853,
