measure,best,equal,worst,total
Mean,0.2640021919586685,0.7352596337250403,7.381743162911881E-4,1.0
Median,0.26054852320675104 ,0.7385344555450329,0.0,
Stdev,0.012273361603836153 ,0.012004681988628143,0.001000382486705796,
