-,DIFF, TPE, EXA
total,14.267, 306.156, 0.0
mean,0.14267, 3.0615600000000014, NaN
median,0.026, 1.192, NaN
median,278.727739247931, 3.9816932653068466, NaN
