-,DIFF, TPE, EXA
total,21.023, 394.233, 0.0
mean,0.21023, 3.942329999999999, NaN
median,0.079, 2.237, NaN
median,326.8447212640611, 4.172600550573523, NaN
