measure,best,equal,worst,total
Mean,0.057862414200056944,0.9109704826388395,0.03116710316110354,0.9999999999999999
Median,0.04491413474240423 ,0.916776750330251,0.03500660501981506,
Stdev,0.031721617059735044 ,0.022697702707566263,0.01619096666176354,
