measure,best,equal,worst,total
Mean,0.08210213288145643,0.9178978671185436,0.0,1.0
Median,0.07529722589167767 ,0.9247027741083224,0.0,
Stdev,0.02981608308317541 ,0.02981608308317542,0.0,
