measure,best,equal,worst,total
Mean,0.14581857805599802,0.8517048009257484,0.0024766210182535562,0.9999999999999999
Median,0.14514531043593132 ,0.8513870541611626,0.0021466314398943197,
Stdev,0.0069849181324750575 ,0.006762785750703685,0.0010588869897718305,
