measure,best,equal,worst,total
Mean,0.15638534626685674,0.8436146537331433,0.0,1.0
Median,0.15653896961690883 ,0.8434610303830912,0.0,
Stdev,0.007763975553780573 ,0.007763975553780587,0.0,
