measure,best,equal,worst,total
Mean,0.12007614950740805,0.8613753703380801,0.018548480154511843,1.0
Median,0.13540290620871862 ,0.8467635402906208,0.016842800528401584,
Stdev,0.03487740637261253 ,0.03741160038360646,0.008578443108502365,
