measure,best,equal,worst,total
Mean,0.21295089656889554,0.770490923156954,0.01655818027415045,1.0
Median,0.20874182461662955 ,0.774789029535865,0.012130801687763714,
Stdev,0.03200199468659817 ,0.04205993250239277,0.011412452061368015,
