measure,best,equal,worst,total
Mean,0.21356738726678445,0.7562386819028878,0.03019393083032772,1.0
Median,0.21835443037974683 ,0.7563291139240507,0.02531645569620253,
Stdev,0.02179259290696128 ,0.02720298720778853,0.01857524154162115,
