measure,best,equal,worst,total
Mean,0.146,0.8322,0.0218,1.0
Median,0.14 ,0.84,0.02,
Stdev,0.039538150008851566 ,0.039449787252730704,0.01891873059554839,
