-,DIFF, TPE, EXA
total,13.041, 2239.999, 0.0
mean,0.32602499999999995, 55.99997500000001, NaN
median,0.156, 13.23, NaN
median,383.4672110142885, 111.1085587461217, NaN
