measure,best,equal,worst,total
Mean,0.23189662224949203,0.7409751548376483,0.02712822291285964,1.0
Median,0.22890295358649787 ,0.7420886075949367,0.028481012658227847,
Stdev,0.01655701189012911 ,0.018072112328170423,0.005341336666166943,
