measure,best,equal,worst,total
Mean,0.1494,0.83,0.0206,0.9999999999999999
Median,0.14 ,0.83,0.02,
Stdev,0.04595516892603494 ,0.05062870041905529,0.017191597378026367,
