measure,best,equal,worst,total
Mean,0.13693646969180176,0.8630635303081983,0.0,1.0
Median,0.13487881981032665 ,0.8651211801896733,0.0,
Stdev,0.01960611629370195 ,0.01960611629370195,0.0,
