measure,best,equal,worst,total
Mean,0.11255868863810602,0.8417819247973575,0.04565938656453655,1.0
Median,0.11075949367088607 ,0.8438818565400844,0.04847207586933614,
Stdev,0.018790116587510817 ,0.022652943742075,0.009527468054990142,
