measure,best,equal,worst,total
Mean,0.2777140494324472,0.7222859505675527,0.0,1.0
Median,0.274789029535865 ,0.725210970464135,0.0,
Stdev,0.014375857557451596 ,0.014375857557451579,0.0,
