measure,best,equal,worst,total
Mean,0.221,0.7468,0.0322,1.0
Median,0.215 ,0.74,0.02,
Stdev,0.047520135367085416 ,0.05786825290154829,0.03125210197012387,
