measure,best,equal,worst,total
Mean,0.156,0.804,0.04,1.0
Median,0.2 ,0.8,0.0,
Stdev,0.10528871870107584 ,0.11773370158878015,0.07284313590846833,
