-,DIFF, TPE, EXA
total,47.609, 1154.411, 0.0
mean,0.15869666666666662, 3.8480366666666668, NaN
median,0.036, 2.078, NaN
median,282.4534377033797, 3.902088923711339, NaN
