measure,best,equal,worst,total
Mean,0.11445086705202269,0.8386232264844979,0.046925906463478634,0.9999999999999992
Median,0.1 ,0.8,0.0,
Stdev,0.10957793419737817 ,0.11925191557931596,0.08508060160737584,
