measure,best,equal,worst,total
Mean,0.126,0.832,0.042,1.0
Median,0.1 ,0.8500000000000001,0.0,
Stdev,0.11919800025716087 ,0.1376775291789344,0.08592830423898604,
