measure,best,equal,worst,total
Mean,0.244,0.722,0.034,1.0
Median,0.2 ,0.7,0.0,
Stdev,0.13874069191061697 ,0.14183923063433043,0.05194188275056526,
